"verbo","rota","arquivo","linha","guards","permissoes","recurso","estado"
"POST","/v1/admin/signup","apps/api/src/admin/admin.controller.ts","124","","","","Inventariado; correlacionar com evidências, não implica rota testada"
"POST","/v1/admin/login","apps/api/src/admin/admin.controller.ts","177","","","","Inventariado; correlacionar com evidências, não implica rota testada"
"POST","/v1/admin/logout","apps/api/src/admin/admin.controller.ts","244","StaffGuard;PermissaoGuard","","","Inventariado; correlacionar com evidências, não implica rota testada"
"GET","/v1/admin/state","apps/api/src/admin/admin.controller.ts","251","StaffGuard;PermissaoGuard","'appointments.view'","","Inventariado; correlacionar com evidências, não implica rota testada"
"GET","/v1/admin/templates","apps/api/src/admin/admin.controller.ts","334","StaffGuard;PermissaoGuard","'settings.manage'","","Inventariado; correlacionar com evidências, não implica rota testada"
"PUT","/v1/admin/business","apps/api/src/admin/admin.controller.ts","340","StaffGuard;PermissaoGuard","'settings.manage'","","Inventariado; correlacionar com evidências, não implica rota testada"
"PUT","/v1/admin/services","apps/api/src/admin/admin.controller.ts","371","StaffGuard;PermissaoGuard","'settings.manage'","","Inventariado; correlacionar com evidências, não implica rota testada"
"PUT","/v1/admin/professionals","apps/api/src/admin/admin.controller.ts","384","StaffGuard;PermissaoGuard","'settings.manage'","","Inventariado; correlacionar com evidências, não implica rota testada"
"PUT","/v1/admin/payments","apps/api/src/admin/admin.controller.ts","401","StaffGuard;PermissaoGuard","'settings.manage'","","Inventariado; correlacionar com evidências, não implica rota testada"
"GET","/v1/admin/vitrine","apps/api/src/admin/admin.controller.ts","420","StaffGuard;PermissaoGuard","'settings.manage'","","Inventariado; correlacionar com evidências, não implica rota testada"
"PUT","/v1/admin/vitrine","apps/api/src/admin/admin.controller.ts","426","StaffGuard;PermissaoGuard","'settings.manage'","","Inventariado; correlacionar com evidências, não implica rota testada"
"POST","/v1/admin/publish","apps/api/src/admin/admin.controller.ts","436","StaffGuard;PermissaoGuard","'settings.manage'","","Inventariado; correlacionar com evidências, não implica rota testada"
"GET","/v1/admin/photos","apps/api/src/admin/admin.controller.ts","463","StaffGuard;PermissaoGuard","'settings.manage'","","Inventariado; correlacionar com evidências, não implica rota testada"
"POST","/v1/admin/photos/upload","apps/api/src/admin/admin.controller.ts","480","StaffGuard;PermissaoGuard","'settings.manage'","","Inventariado; correlacionar com evidências, não implica rota testada"
"DELETE","/v1/admin/photos/upload","apps/api/src/admin/admin.controller.ts","561","StaffGuard;PermissaoGuard","'settings.manage'","","Inventariado; correlacionar com evidências, não implica rota testada"
"PUT","/v1/admin/photos","apps/api/src/admin/admin.controller.ts","615","StaffGuard;PermissaoGuard","'settings.manage'","","Inventariado; correlacionar com evidências, não implica rota testada"
"GET","/v1/admin/policies","apps/api/src/admin/admin.controller.ts","665","StaffGuard;PermissaoGuard","'settings.manage'","","Inventariado; correlacionar com evidências, não implica rota testada"
"PUT","/v1/admin/change-window","apps/api/src/admin/admin.controller.ts","674","StaffGuard;PermissaoGuard","'settings.manage'","","Inventariado; correlacionar com evidências, não implica rota testada"
"GET","/v1/admin/recusas-online","apps/api/src/admin/admin.controller.ts","694","StaffGuard;PermissaoGuard","'appointments.view';'customers.view'","","Inventariado; correlacionar com evidências, não implica rota testada"
"GET","/v1/admin/agenda/espera","apps/api/src/admin/agenda.controller.ts","141","StaffGuard;PermissaoGuard","'appointments.view';'customers.view'","","Inventariado; correlacionar com evidências, não implica rota testada"
"DELETE","/v1/admin/agenda/espera/:id","apps/api/src/admin/agenda.controller.ts","167","StaffGuard;PermissaoGuard","'appointments.cancel'","","Inventariado; correlacionar com evidências, não implica rota testada"
"GET","/v1/admin/agenda","apps/api/src/admin/agenda.controller.ts","182","StaffGuard;PermissaoGuard","'appointments.view'","","Inventariado; correlacionar com evidências, não implica rota testada"
"POST","/v1/admin/agenda/blocks","apps/api/src/admin/agenda.controller.ts","229","StaffGuard;PermissaoGuard","'appointments.create'","","Inventariado; correlacionar com evidências, não implica rota testada"
"POST","/v1/admin/agenda/exceptions","apps/api/src/admin/agenda.controller.ts","284","StaffGuard;PermissaoGuard","'settings.manage'","","Inventariado; correlacionar com evidências, não implica rota testada"
"DELETE","/v1/admin/agenda/exceptions/:id","apps/api/src/admin/agenda.controller.ts","338","StaffGuard;PermissaoGuard","'appointments.create'","","Inventariado; correlacionar com evidências, não implica rota testada"
"POST","/v1/admin/agenda/appointments/:id/move","apps/api/src/admin/agenda.controller.ts","375","StaffGuard;PermissaoGuard","'appointments.reschedule'","","Inventariado; correlacionar com evidências, não implica rota testada"
"GET","/v1/admin/alertas/preferencias","apps/api/src/admin/alertas.controller.ts","33","StaffGuard;PermissaoGuard","'settings.manage'","","Inventariado; correlacionar com evidências, não implica rota testada"
"PUT","/v1/admin/alertas/preferencias","apps/api/src/admin/alertas.controller.ts","39","StaffGuard;PermissaoGuard","'settings.manage'","","Inventariado; correlacionar com evidências, não implica rota testada"
"GET","/v1/admin/clube/planos","apps/api/src/admin/assinatura.controller.ts","128","StaffGuard;PermissaoGuard","'appointments.view'","","Inventariado; correlacionar com evidências, não implica rota testada"
"GET","/v1/admin/clube/planos/contados","apps/api/src/admin/assinatura.controller.ts","135","StaffGuard;PermissaoGuard","'finance.view';'finance.subscription_manage'","","Inventariado; correlacionar com evidências, não implica rota testada"
"PUT","/v1/admin/clube/planos","apps/api/src/admin/assinatura.controller.ts","141","StaffGuard;PermissaoGuard","'finance.subscription_manage'","","Inventariado; correlacionar com evidências, não implica rota testada"
"PUT","/v1/admin/clube/planos/:id","apps/api/src/admin/assinatura.controller.ts","168","StaffGuard;PermissaoGuard","'finance.subscription_manage'","","Inventariado; correlacionar com evidências, não implica rota testada"
"GET","/v1/admin/clube","apps/api/src/admin/assinatura.controller.ts","197","StaffGuard;PermissaoGuard","'finance.view';'finance.subscription_manage'","","Inventariado; correlacionar com evidências, não implica rota testada"
"GET","/v1/admin/clube/clientes/:id","apps/api/src/admin/assinatura.controller.ts","203","StaffGuard;PermissaoGuard","'customers.view';'finance.view'","","Inventariado; correlacionar com evidências, não implica rota testada"
"POST","/v1/admin/clube/assinar","apps/api/src/admin/assinatura.controller.ts","212","StaffGuard;PermissaoGuard","'finance.subscription_manage'","","Inventariado; correlacionar com evidências, não implica rota testada"
"GET","/v1/admin/clube/:id/dependentes","apps/api/src/admin/assinatura.controller.ts","249","StaffGuard;PermissaoGuard","'finance.subscription_manage';'customers.view'","","Inventariado; correlacionar com evidências, não implica rota testada"
"POST","/v1/admin/clube/:id/dependentes","apps/api/src/admin/assinatura.controller.ts","262","StaffGuard;PermissaoGuard","'finance.subscription_manage'","","Inventariado; correlacionar com evidências, não implica rota testada"
"POST","/v1/admin/clube/:id/dependentes/remover","apps/api/src/admin/assinatura.controller.ts","281","StaffGuard;PermissaoGuard","'finance.subscription_manage'","","Inventariado; correlacionar com evidências, não implica rota testada"
"POST","/v1/admin/clube/:id/cancelar","apps/api/src/admin/assinatura.controller.ts","300","StaffGuard;PermissaoGuard","'finance.subscription_manage'","","Inventariado; correlacionar com evidências, não implica rota testada"
"GET","/v1/admin/clube/faturas","apps/api/src/admin/assinatura.controller.ts","330","StaffGuard;PermissaoGuard","'finance.view';'customers.view'","","Inventariado; correlacionar com evidências, não implica rota testada"
"POST","/v1/admin/clube/faturas/:id/pagar","apps/api/src/admin/assinatura.controller.ts","350","StaffGuard;PermissaoGuard","'finance.subscription_manage'","","Inventariado; correlacionar com evidências, não implica rota testada"
"POST","/v1/admin/clube/faturas/:id/cancelar","apps/api/src/admin/assinatura.controller.ts","371","StaffGuard;PermissaoGuard","'finance.subscription_manage'","","Inventariado; correlacionar com evidências, não implica rota testada"
"PUT","/v1/admin/clube/:id/cartao","apps/api/src/admin/assinatura.controller.ts","397","StaffGuard;PermissaoGuard","'finance.subscription_manage'","","Inventariado; correlacionar com evidências, não implica rota testada"
"POST","/v1/admin/clube/:id/agendar-cancelamento","apps/api/src/admin/assinatura.controller.ts","423","StaffGuard;PermissaoGuard","'finance.subscription_manage'","","Inventariado; correlacionar com evidências, não implica rota testada"
"GET","/v1/admin/clube/simulacao","apps/api/src/admin/assinatura.controller.ts","457","StaffGuard;PermissaoGuard","'finance.view';'finance.view_profit'","","Inventariado; correlacionar com evidências, não implica rota testada"
"GET","/v1/admin/clube/rentabilidade","apps/api/src/admin/assinatura.controller.ts","477","StaffGuard;PermissaoGuard","'finance.view';'finance.view_profit';'customers.view'","","Inventariado; correlacionar com evidências, não implica rota testada"
"PUT","/v1/admin/clube/modelo","apps/api/src/admin/assinatura.controller.ts","502","StaffGuard;PermissaoGuard","'finance.subscription_manage';'commission.edit_rules'","","Inventariado; correlacionar com evidências, não implica rota testada"
"POST","/v1/admin/clube/:id/desfazer-cancelamento","apps/api/src/admin/assinatura.controller.ts","523","StaffGuard;PermissaoGuard","'finance.subscription_manage'","","Inventariado; correlacionar com evidências, não implica rota testada"
"GET","/v1/admin/automacoes/fila","apps/api/src/admin/automacao.controller.ts","55","StaffGuard;PermissaoGuard","'marketing.send'","","Inventariado; correlacionar com evidências, não implica rota testada"
"GET","/v1/admin/automacoes","apps/api/src/admin/automacao.controller.ts","64","StaffGuard;PermissaoGuard","'marketing.send'","","Inventariado; correlacionar com evidências, não implica rota testada"
"PATCH","/v1/admin/automacoes/estado","apps/api/src/admin/automacao.controller.ts","82","StaffGuard;PermissaoGuard","'marketing.send'","","Inventariado; correlacionar com evidências, não implica rota testada"
"PUT","/v1/admin/automacoes","apps/api/src/admin/automacao.controller.ts","101","StaffGuard;PermissaoGuard","'marketing.send'","","Inventariado; correlacionar com evidências, não implica rota testada"
"GET","/v1/admin/avaliacoes","apps/api/src/admin/avaliacao.controller.ts","86","StaffGuard;PermissaoGuard","'reviews.view';'customers.view'","","Inventariado; correlacionar com evidências, não implica rota testada"
"GET","/v1/admin/avaliacoes/clientes/:id","apps/api/src/admin/avaliacao.controller.ts","93","StaffGuard;PermissaoGuard","'reviews.view';'customers.view'","","Inventariado; correlacionar com evidências, não implica rota testada"
"POST","/v1/admin/avaliacoes/:id/tratar","apps/api/src/admin/avaliacao.controller.ts","110","StaffGuard;PermissaoGuard","'reviews.recover'","","Inventariado; correlacionar com evidências, não implica rota testada"
"POST","/v1/admin/avaliacoes/:id/contestar","apps/api/src/admin/avaliacao.controller.ts","141","StaffGuard;PermissaoGuard","'reviews.contest'","","Inventariado; correlacionar com evidências, não implica rota testada"
"POST","/v1/admin/avaliacoes/:id/retirar-contestacao","apps/api/src/admin/avaliacao.controller.ts","178","StaffGuard;PermissaoGuard","'reviews.contest'","","Inventariado; correlacionar com evidências, não implica rota testada"
"GET","/v1/admin/notifications","apps/api/src/admin/avisos.controller.ts","26","StaffGuard;PermissaoGuard","'settings.manage'","'avisos'","Inventariado; correlacionar com evidências, não implica rota testada"
"PUT","/v1/admin/notifications","apps/api/src/admin/avisos.controller.ts","35","StaffGuard;PermissaoGuard","'settings.manage'","'avisos'","Inventariado; correlacionar com evidências, não implica rota testada"
"GET","/v1/admin/day","apps/api/src/admin/board.controller.ts","105","StaffGuard;PermissaoGuard","'appointments.view'","","Inventariado; correlacionar com evidências, não implica rota testada"
"POST","/v1/admin/appointments/:id/attendance","apps/api/src/admin/board.controller.ts","142","StaffGuard;PermissaoGuard","'appointments.attend'","","Inventariado; correlacionar com evidências, não implica rota testada"
"GET","/v1/admin/catalog","apps/api/src/admin/board.controller.ts","209","StaffGuard;PermissaoGuard","'appointments.create'","","Inventariado; correlacionar com evidências, não implica rota testada"
"GET","/v1/admin/customers","apps/api/src/admin/board.controller.ts","224","StaffGuard;PermissaoGuard","'customers.view'","","Inventariado; correlacionar com evidências, não implica rota testada"
"GET","/v1/admin/availability","apps/api/src/admin/board.controller.ts","234","StaffGuard;PermissaoGuard","'appointments.create'","","Inventariado; correlacionar com evidências, não implica rota testada"
"POST","/v1/admin/appointments","apps/api/src/admin/board.controller.ts","276","StaffGuard;PermissaoGuard","'appointments.create'","","Inventariado; correlacionar com evidências, não implica rota testada"
"GET","/v1/admin/cash","apps/api/src/admin/caixa.controller.ts","159","StaffGuard;PermissaoGuard","'cashier.open'","","Inventariado; correlacionar com evidências, não implica rota testada"
"POST","/v1/admin/cash/open","apps/api/src/admin/caixa.controller.ts","172","StaffGuard;PermissaoGuard","'cashier.open'","","Inventariado; correlacionar com evidências, não implica rota testada"
"POST","/v1/admin/cash/movements","apps/api/src/admin/caixa.controller.ts","192","StaffGuard;PermissaoGuard","'cashier.withdraw'","","Inventariado; correlacionar com evidências, não implica rota testada"
"POST","/v1/admin/cash/close","apps/api/src/admin/caixa.controller.ts","231","StaffGuard;PermissaoGuard","'cashier.close'","","Inventariado; correlacionar com evidências, não implica rota testada"
"GET","/v1/admin/orders/vendaveis","apps/api/src/admin/caixa.controller.ts","269","StaffGuard;PermissaoGuard","'cashier.open'","","Inventariado; correlacionar com evidências, não implica rota testada"
"GET","/v1/admin/orders/abertas","apps/api/src/admin/caixa.controller.ts","290","StaffGuard;PermissaoGuard","'cashier.open'","","Inventariado; correlacionar com evidências, não implica rota testada"
"GET","/v1/admin/orders/:id","apps/api/src/admin/caixa.controller.ts","318","StaffGuard;PermissaoGuard","'cashier.open'","","Inventariado; correlacionar com evidências, não implica rota testada"
"POST","/v1/admin/orders","apps/api/src/admin/caixa.controller.ts","346","StaffGuard;PermissaoGuard","'cashier.open'","","Inventariado; correlacionar com evidências, não implica rota testada"
"DELETE","/v1/admin/orders/:id","apps/api/src/admin/caixa.controller.ts","390","StaffGuard;PermissaoGuard","'cashier.open'","","Inventariado; correlacionar com evidências, não implica rota testada"
"POST","/v1/admin/orders/:id/items","apps/api/src/admin/caixa.controller.ts","409","StaffGuard;PermissaoGuard","'cashier.open'","","Inventariado; correlacionar com evidências, não implica rota testada"
"DELETE","/v1/admin/orders/:id/items/:itemId","apps/api/src/admin/caixa.controller.ts","455","StaffGuard;PermissaoGuard","'cashier.open'","","Inventariado; correlacionar com evidências, não implica rota testada"
"PATCH","/v1/admin/orders/:id","apps/api/src/admin/caixa.controller.ts","497","StaffGuard;PermissaoGuard","'finance.discount'","","Inventariado; correlacionar com evidências, não implica rota testada"
"POST","/v1/admin/orders/:id/close","apps/api/src/admin/caixa.controller.ts","538","StaffGuard;PermissaoGuard","'cashier.open'","","Inventariado; correlacionar com evidências, não implica rota testada"
"GET","/v1/admin/debts","apps/api/src/admin/caixa.controller.ts","608","StaffGuard;PermissaoGuard","'cashier.open';'customers.view'","","Inventariado; correlacionar com evidências, não implica rota testada"
"POST","/v1/admin/debts/receive","apps/api/src/admin/caixa.controller.ts","614","StaffGuard;PermissaoGuard","'cashier.open'","","Inventariado; correlacionar com evidências, não implica rota testada"
"GET","/v1/admin/orders/:id/charges","apps/api/src/admin/caixa.controller.ts","661","StaffGuard;PermissaoGuard","'cashier.open'","","Inventariado; correlacionar com evidências, não implica rota testada"
"POST","/v1/admin/orders/:id/charges","apps/api/src/admin/caixa.controller.ts","682","StaffGuard;PermissaoGuard","'cashier.open'","","Inventariado; correlacionar com evidências, não implica rota testada"
"DELETE","/v1/admin/orders/:id/charges/:chargeId","apps/api/src/admin/caixa.controller.ts","721","StaffGuard;PermissaoGuard","'cashier.open'","","Inventariado; correlacionar com evidências, não implica rota testada"
"GET","/v1/admin/revenue","apps/api/src/admin/caixa.controller.ts","747","StaffGuard;PermissaoGuard","'finance.view'","","Inventariado; correlacionar com evidências, não implica rota testada"
"GET","/v1/admin/campanhas","apps/api/src/admin/campanha.controller.ts","73","StaffGuard;PermissaoGuard","'marketing.send'","","Inventariado; correlacionar com evidências, não implica rota testada"
"POST","/v1/admin/campanhas","apps/api/src/admin/campanha.controller.ts","87","StaffGuard;PermissaoGuard","'marketing.send'","","Inventariado; correlacionar com evidências, não implica rota testada"
"POST","/v1/admin/campanhas/:id/enviar","apps/api/src/admin/campanha.controller.ts","136","StaffGuard;PermissaoGuard","'marketing.send'","","Inventariado; correlacionar com evidências, não implica rota testada"
"POST","/v1/admin/campanhas/:id/retomar","apps/api/src/admin/campanha.controller.ts","179","StaffGuard;PermissaoGuard","'marketing.send'","","Inventariado; correlacionar com evidências, não implica rota testada"
"GET","/v1/admin/campanhas/:id/pulados","apps/api/src/admin/campanha.controller.ts","210","StaffGuard;PermissaoGuard","'marketing.send';'customers.view'","","Inventariado; correlacionar com evidências, não implica rota testada"
"GET","/v1/admin/catalog/services","apps/api/src/admin/catalogo.controller.ts","80","StaffGuard;PermissaoGuard","'settings.manage'","","Inventariado; correlacionar com evidências, não implica rota testada"
"POST","/v1/admin/catalog/services","apps/api/src/admin/catalogo.controller.ts","86","StaffGuard;PermissaoGuard","'settings.manage'","","Inventariado; correlacionar com evidências, não implica rota testada"
"PUT","/v1/admin/catalog/services/:id","apps/api/src/admin/catalogo.controller.ts","99","StaffGuard;PermissaoGuard","'settings.manage'","","Inventariado; correlacionar com evidências, não implica rota testada"
"PUT","/v1/admin/catalog/services/:id/active","apps/api/src/admin/catalogo.controller.ts","121","StaffGuard;PermissaoGuard","'settings.manage'","","Inventariado; correlacionar com evidências, não implica rota testada"
"PUT","/v1/admin/catalog/services/:id/resources","apps/api/src/admin/catalogo.controller.ts","136","StaffGuard;PermissaoGuard","'settings.manage'","","Inventariado; correlacionar com evidências, não implica rota testada"
"GET","/v1/admin/catalog/professionals","apps/api/src/admin/catalogo.controller.ts","160","StaffGuard;PermissaoGuard","'settings.manage'","","Inventariado; correlacionar com evidências, não implica rota testada"
"POST","/v1/admin/catalog/professionals","apps/api/src/admin/catalogo.controller.ts","167","StaffGuard;PermissaoGuard","'settings.manage'","","Inventariado; correlacionar com evidências, não implica rota testada"
"PUT","/v1/admin/catalog/professionals/:id","apps/api/src/admin/catalogo.controller.ts","181","StaffGuard;PermissaoGuard","'settings.manage'","","Inventariado; correlacionar com evidências, não implica rota testada"
"PUT","/v1/admin/catalog/professionals/:id/perfil-publico","apps/api/src/admin/catalogo.controller.ts","205","StaffGuard;PermissaoGuard","'settings.manage'","","Inventariado; correlacionar com evidências, não implica rota testada"
"PUT","/v1/admin/catalog/professionals/:id/active","apps/api/src/admin/catalogo.controller.ts","226","StaffGuard;PermissaoGuard","'settings.manage'","","Inventariado; correlacionar com evidências, não implica rota testada"
"GET","/v1/admin/catalog/professionals/:id/schedule","apps/api/src/admin/catalogo.controller.ts","250","StaffGuard;PermissaoGuard","'settings.manage'","","Inventariado; correlacionar com evidências, não implica rota testada"
"PUT","/v1/admin/catalog/professionals/:id/schedule","apps/api/src/admin/catalogo.controller.ts","273","StaffGuard;PermissaoGuard","'settings.manage'","","Inventariado; correlacionar com evidências, não implica rota testada"
"GET","/v1/admin/catalog/resources","apps/api/src/admin/catalogo.controller.ts","300","StaffGuard;PermissaoGuard","'settings.manage'","","Inventariado; correlacionar com evidências, não implica rota testada"
"PUT","/v1/admin/catalog/resources","apps/api/src/admin/catalogo.controller.ts","307","StaffGuard;PermissaoGuard","'settings.manage'","","Inventariado; correlacionar com evidências, não implica rota testada"
"GET","/v1/admin/chaves","apps/api/src/admin/chaves.controller.ts","55","StaffGuard;PermissaoGuard","'team.manage'","","Inventariado; correlacionar com evidências, não implica rota testada"
"POST","/v1/admin/chaves","apps/api/src/admin/chaves.controller.ts","71","StaffGuard;PermissaoGuard","'team.manage'","","Inventariado; correlacionar com evidências, não implica rota testada"
"POST","/v1/admin/chaves/:chaveId/revogacao","apps/api/src/admin/chaves.controller.ts","91","StaffGuard;PermissaoGuard","'team.manage'","","Inventariado; correlacionar com evidências, não implica rota testada"
"GET","/v1/admin/churn","apps/api/src/admin/churn.controller.ts","41","StaffGuard;PermissaoGuard","'customers.view';'customers.view_notes';'reviews.view'","","Inventariado; correlacionar com evidências, não implica rota testada"
"GET","/v1/admin/crescimento","apps/api/src/admin/churn.controller.ts","85","StaffGuard;PermissaoGuard","'finance.view';'reports.finance';'customers.view';'customers.view_notes'","","Inventariado; correlacionar com evidências, não implica rota testada"
"GET","/v1/admin/customers/directory","apps/api/src/admin/clientes.controller.ts","29","StaffGuard;PermissaoGuard","'customers.view'","","Inventariado; correlacionar com evidências, não implica rota testada"
"GET","/v1/admin/commission/mine","apps/api/src/admin/comissao.controller.ts","113","StaffGuard;PermissaoGuard","'commission.view_own'","","Inventariado; correlacionar com evidências, não implica rota testada"
"GET","/v1/admin/commission/mine/closures","apps/api/src/admin/comissao.controller.ts","131","StaffGuard;PermissaoGuard","'commission.view_own'","","Inventariado; correlacionar com evidências, não implica rota testada"
"GET","/v1/admin/commission","apps/api/src/admin/comissao.controller.ts","143","StaffGuard;PermissaoGuard","'commission.view_all'","","Inventariado; correlacionar com evidências, não implica rota testada"
"GET","/v1/admin/commission/closures","apps/api/src/admin/comissao.controller.ts","153","StaffGuard;PermissaoGuard","'commission.view_all'","","Inventariado; correlacionar com evidências, não implica rota testada"
"POST","/v1/admin/commission/closures","apps/api/src/admin/comissao.controller.ts","172","StaffGuard;PermissaoGuard","'commission.edit_rules'","","Inventariado; correlacionar com evidências, não implica rota testada"
"GET","/v1/admin/commission/rules","apps/api/src/admin/comissao.controller.ts","197","StaffGuard;PermissaoGuard","'commission.edit_rules'","","Inventariado; correlacionar com evidências, não implica rota testada"
"PUT","/v1/admin/commission/rules","apps/api/src/admin/comissao.controller.ts","203","StaffGuard;PermissaoGuard","'commission.edit_rules'","","Inventariado; correlacionar com evidências, não implica rota testada"
"DELETE","/v1/admin/commission/rules/:id","apps/api/src/admin/comissao.controller.ts","234","StaffGuard;PermissaoGuard","'commission.edit_rules'","","Inventariado; correlacionar com evidências, não implica rota testada"
"PUT","/v1/admin/commission/settings","apps/api/src/admin/comissao.controller.ts","253","StaffGuard;PermissaoGuard","'commission.edit_rules'","","Inventariado; correlacionar com evidências, não implica rota testada"
"GET","/v1/admin/commission/fees","apps/api/src/admin/comissao.controller.ts","282","StaffGuard;PermissaoGuard","'commission.edit_rules'","","Inventariado; correlacionar com evidências, não implica rota testada"
"PUT","/v1/admin/commission/fees","apps/api/src/admin/comissao.controller.ts","288","StaffGuard;PermissaoGuard","'commission.edit_rules'","","Inventariado; correlacionar com evidências, não implica rota testada"
"GET","/v1/admin/dre","apps/api/src/admin/dre.controller.ts","111","StaffGuard;PermissaoGuard","'finance.view_profit'","","Inventariado; correlacionar com evidências, não implica rota testada"
"GET","/v1/admin/vales","apps/api/src/admin/dre.controller.ts","138","StaffGuard;PermissaoGuard","'commission.view_all'","","Inventariado; correlacionar com evidências, não implica rota testada"
"GET","/v1/admin/vales/teto/:professionalId","apps/api/src/admin/dre.controller.ts","160","StaffGuard;PermissaoGuard","'finance.advance'","","Inventariado; correlacionar com evidências, não implica rota testada"
"POST","/v1/admin/vales","apps/api/src/admin/dre.controller.ts","177","StaffGuard;PermissaoGuard","'finance.advance'","","Inventariado; correlacionar com evidências, não implica rota testada"
"POST","/v1/admin/vales/:id/cancelar","apps/api/src/admin/dre.controller.ts","214","StaffGuard;PermissaoGuard","'finance.advance'","","Inventariado; correlacionar com evidências, não implica rota testada"
"POST","/v1/admin/comandas/:id/estornar","apps/api/src/admin/dre.controller.ts","237","StaffGuard;PermissaoGuard","'finance.order_refund'","","Inventariado; correlacionar com evidências, não implica rota testada"
"POST","/v1/admin/pacotes/:id/transferir","apps/api/src/admin/dre.controller.ts","261","StaffGuard;PermissaoGuard","'finance.package_transfer'","","Inventariado; correlacionar com evidências, não implica rota testada"
"GET","/v1/admin/estoque/produtos","apps/api/src/admin/estoque.controller.ts","80","StaffGuard;PermissaoGuard","'inventory.view'","","Inventariado; correlacionar com evidências, não implica rota testada"
"PUT","/v1/admin/estoque/produtos","apps/api/src/admin/estoque.controller.ts","108","StaffGuard;PermissaoGuard","'inventory.adjust'","","Inventariado; correlacionar com evidências, não implica rota testada"
"PUT","/v1/admin/estoque/produtos/:id","apps/api/src/admin/estoque.controller.ts","139","StaffGuard;PermissaoGuard","'inventory.adjust'","","Inventariado; correlacionar com evidências, não implica rota testada"
"GET","/v1/admin/estoque/produtos/:id/movimentos","apps/api/src/admin/estoque.controller.ts","172","StaffGuard;PermissaoGuard","'inventory.view'","","Inventariado; correlacionar com evidências, não implica rota testada"
"POST","/v1/admin/estoque/movimentos","apps/api/src/admin/estoque.controller.ts","184","StaffGuard;PermissaoGuard","'inventory.adjust'","","Inventariado; correlacionar com evidências, não implica rota testada"
"GET","/v1/admin/estoque/ficha/:serviceId","apps/api/src/admin/estoque.controller.ts","218","StaffGuard;PermissaoGuard","'inventory.view'","","Inventariado; correlacionar com evidências, não implica rota testada"
"PUT","/v1/admin/estoque/ficha/:serviceId","apps/api/src/admin/estoque.controller.ts","234","StaffGuard;PermissaoGuard","'settings.manage';'inventory.adjust'","","Inventariado; correlacionar com evidências, não implica rota testada"
"GET","/v1/admin/estoque/margem","apps/api/src/admin/estoque.controller.ts","260","StaffGuard;PermissaoGuard","'finance.view_profit'","","Inventariado; correlacionar com evidências, não implica rota testada"
"GET","/v1/admin/customers/:id/ficha","apps/api/src/admin/ficha.controller.ts","78","StaffGuard;PermissaoGuard","'customers.view_notes';'customers.view'","","Inventariado; correlacionar com evidências, não implica rota testada"
"PUT","/v1/admin/customers/:id/preferences","apps/api/src/admin/ficha.controller.ts","91","StaffGuard;PermissaoGuard","'customers.edit_notes'","","Inventariado; correlacionar com evidências, não implica rota testada"
"GET","/v1/admin/customers/:id/fotos","apps/api/src/admin/ficha.controller.ts","123","StaffGuard;PermissaoGuard","'customers.view_photos'","","Inventariado; correlacionar com evidências, não implica rota testada"
"POST","/v1/admin/customers/:id/fotos","apps/api/src/admin/ficha.controller.ts","148","StaffGuard;PermissaoGuard","'customers.manage_photos'","","Inventariado; correlacionar com evidências, não implica rota testada"
"PUT","/v1/admin/customers/fotos/:fotoId/portfolio","apps/api/src/admin/ficha.controller.ts","172","StaffGuard;PermissaoGuard","'customers.manage_photos'","","Inventariado; correlacionar com evidências, não implica rota testada"
"DELETE","/v1/admin/customers/fotos/:fotoId","apps/api/src/admin/ficha.controller.ts","200","StaffGuard;PermissaoGuard","'customers.manage_photos'","","Inventariado; correlacionar com evidências, não implica rota testada"
"GET","/v1/admin/fidelidade/programa","apps/api/src/admin/fidelidade.controller.ts","65","StaffGuard;PermissaoGuard","'appointments.view'","","Inventariado; correlacionar com evidências, não implica rota testada"
"PUT","/v1/admin/fidelidade/programa","apps/api/src/admin/fidelidade.controller.ts","71","StaffGuard;PermissaoGuard","'settings.manage'","","Inventariado; correlacionar com evidências, não implica rota testada"
"GET","/v1/admin/fidelidade/clientes/:id","apps/api/src/admin/fidelidade.controller.ts","96","StaffGuard;PermissaoGuard","'customers.view';'finance.view'","","Inventariado; correlacionar com evidências, não implica rota testada"
"POST","/v1/admin/fidelidade/clientes/:id/ajuste","apps/api/src/admin/fidelidade.controller.ts","108","StaffGuard;PermissaoGuard","'finance.loyalty_adjust'","","Inventariado; correlacionar com evidências, não implica rota testada"
"GET","/v1/admin/queue","apps/api/src/admin/fila.controller.ts","70","StaffGuard;PermissaoGuard","'appointments.view'","'fila'","Inventariado; correlacionar com evidências, não implica rota testada"
"GET","/v1/admin/queue/fit","apps/api/src/admin/fila.controller.ts","91","StaffGuard;PermissaoGuard","'appointments.create'","'fila'","Inventariado; correlacionar com evidências, não implica rota testada"
"POST","/v1/admin/queue","apps/api/src/admin/fila.controller.ts","116","StaffGuard;PermissaoGuard","'appointments.create'","'fila'","Inventariado; correlacionar com evidências, não implica rota testada"
"POST","/v1/admin/queue/:id/move","apps/api/src/admin/fila.controller.ts","153","StaffGuard;PermissaoGuard","'appointments.attend'","'fila'","Inventariado; correlacionar com evidências, não implica rota testada"
"POST","/v1/admin/queue/:id/seat","apps/api/src/admin/fila.controller.ts","182","StaffGuard;PermissaoGuard","'appointments.attend'","'fila'","Inventariado; correlacionar com evidências, não implica rota testada"
"GET","/v1/admin/financeiro/contas","apps/api/src/admin/financeiro.controller.ts","109","StaffGuard;PermissaoGuard","'finance.view'","","Inventariado; correlacionar com evidências, não implica rota testada"
"POST","/v1/admin/financeiro/contas","apps/api/src/admin/financeiro.controller.ts","128","StaffGuard;PermissaoGuard","'finance.bills_manage'","","Inventariado; correlacionar com evidências, não implica rota testada"
"POST","/v1/admin/financeiro/contas/:id/quitar","apps/api/src/admin/financeiro.controller.ts","156","StaffGuard;PermissaoGuard","'finance.bills_manage'","","Inventariado; correlacionar com evidências, não implica rota testada"
"POST","/v1/admin/financeiro/contas/:id/cancelar","apps/api/src/admin/financeiro.controller.ts","183","StaffGuard;PermissaoGuard","'finance.bills_manage'","","Inventariado; correlacionar com evidências, não implica rota testada"
"GET","/v1/admin/financeiro/categorias","apps/api/src/admin/financeiro.controller.ts","206","StaffGuard;PermissaoGuard","'finance.view'","","Inventariado; correlacionar com evidências, não implica rota testada"
"POST","/v1/admin/financeiro/categorias","apps/api/src/admin/financeiro.controller.ts","212","StaffGuard;PermissaoGuard","'finance.bills_manage'","","Inventariado; correlacionar com evidências, não implica rota testada"
"PUT","/v1/admin/financeiro/categorias/:id","apps/api/src/admin/financeiro.controller.ts","228","StaffGuard;PermissaoGuard","'finance.bills_manage'","","Inventariado; correlacionar com evidências, não implica rota testada"
"GET","/v1/admin/financeiro/contas-bancarias","apps/api/src/admin/financeiro.controller.ts","247","StaffGuard;PermissaoGuard","'finance.view'","","Inventariado; correlacionar com evidências, não implica rota testada"
"POST","/v1/admin/financeiro/contas-bancarias","apps/api/src/admin/financeiro.controller.ts","253","StaffGuard;PermissaoGuard","'finance.bills_manage'","","Inventariado; correlacionar com evidências, não implica rota testada"
"GET","/v1/admin/financeiro/transferencias","apps/api/src/admin/financeiro.controller.ts","277","StaffGuard;PermissaoGuard","'finance.view'","","Inventariado; correlacionar com evidências, não implica rota testada"
"POST","/v1/admin/financeiro/transferencias","apps/api/src/admin/financeiro.controller.ts","289","StaffGuard;PermissaoGuard","'finance.bills_manage'","","Inventariado; correlacionar com evidências, não implica rota testada"
"GET","/v1/admin/financeiro/clientes/:id/resumo","apps/api/src/admin/financeiro.controller.ts","328","StaffGuard;PermissaoGuard","'customers.view';'finance.view'","","Inventariado; correlacionar com evidências, não implica rota testada"
"GET","/v1/admin/financeiro/clientes/:id/fiado","apps/api/src/admin/financeiro.controller.ts","347","StaffGuard;PermissaoGuard","'customers.view';'finance.view'","","Inventariado; correlacionar com evidências, não implica rota testada"
"PUT","/v1/admin/financeiro/clientes/:id/limite","apps/api/src/admin/financeiro.controller.ts","366","StaffGuard;PermissaoGuard","'finance.credit_limit'","","Inventariado; correlacionar com evidências, não implica rota testada"
"POST","/v1/admin/financeiro/clientes/:id/saldo-inicial","apps/api/src/admin/financeiro.controller.ts","386","StaffGuard;PermissaoGuard","'finance.credit_limit'","","Inventariado; correlacionar com evidências, não implica rota testada"
"GET","/v1/admin/fiscal/municipal","apps/api/src/admin/fiscal-municipal.controller.ts","40","StaffGuard;PermissaoGuard","'fiscal.settings'","'fiscal'","Inventariado; correlacionar com evidências, não implica rota testada"
"PUT","/v1/admin/fiscal/municipal/configuracao","apps/api/src/admin/fiscal-municipal.controller.ts","47","StaffGuard;PermissaoGuard","'fiscal.settings'","'fiscal'","Inventariado; correlacionar com evidências, não implica rota testada"
"GET","/v1/admin/fiscal/nacional","apps/api/src/admin/fiscal-nacional.controller.ts","42","StaffGuard;PermissaoGuard","'fiscal.settings'","'fiscal'","Inventariado; correlacionar com evidências, não implica rota testada"
"PUT","/v1/admin/fiscal/nacional/configuracao","apps/api/src/admin/fiscal-nacional.controller.ts","49","StaffGuard;PermissaoGuard","'fiscal.settings'","'fiscal'","Inventariado; correlacionar com evidências, não implica rota testada"
"POST","/v1/admin/fiscal/nacional/certificado","apps/api/src/admin/fiscal-nacional.controller.ts","56","StaffGuard;PermissaoGuard","'fiscal.settings'","'fiscal'","Inventariado; correlacionar com evidências, não implica rota testada"
"DELETE","/v1/admin/fiscal/nacional/certificado","apps/api/src/admin/fiscal-nacional.controller.ts","65","StaffGuard;PermissaoGuard","'fiscal.settings'","'fiscal'","Inventariado; correlacionar com evidências, não implica rota testada"
"GET","/v1/admin/fiscal/nacional/notas/:id/xml","apps/api/src/admin/fiscal-nacional.controller.ts","71","StaffGuard;PermissaoGuard","'fiscal.view';'customers.view'","'fiscal'","Inventariado; correlacionar com evidências, não implica rota testada"
"GET","/v1/admin/fiscal/nacional/notas/:id/pdf","apps/api/src/admin/fiscal-nacional.controller.ts","84","StaffGuard;PermissaoGuard","'fiscal.view';'customers.view'","'fiscal'","Inventariado; correlacionar com evidências, não implica rota testada"
"GET","/v1/admin/fiscal/configuracao","apps/api/src/admin/fiscal.controller.ts","126","StaffGuard;PermissaoGuard","'fiscal.settings'","'fiscal'","Inventariado; correlacionar com evidências, não implica rota testada"
"PUT","/v1/admin/fiscal/configuracao","apps/api/src/admin/fiscal.controller.ts","145","StaffGuard;PermissaoGuard","'fiscal.settings'","'fiscal'","Inventariado; correlacionar com evidências, não implica rota testada"
"GET","/v1/admin/fiscal/notas","apps/api/src/admin/fiscal.controller.ts","207","StaffGuard;PermissaoGuard","'fiscal.view';'finance.view'","'fiscal'","Inventariado; correlacionar com evidências, não implica rota testada"
"GET","/v1/admin/fiscal/notas/comanda/:id","apps/api/src/admin/fiscal.controller.ts","256","StaffGuard;PermissaoGuard","'fiscal.view';'customers.view'","'fiscal'","Inventariado; correlacionar com evidências, não implica rota testada"
"PUT","/v1/admin/fiscal/tomador/:id","apps/api/src/admin/fiscal.controller.ts","281","StaffGuard;PermissaoGuard","'customers.edit'","'fiscal'","Inventariado; correlacionar com evidências, não implica rota testada"
"POST","/v1/admin/fiscal/notas/comanda/:id","apps/api/src/admin/fiscal.controller.ts","309","StaffGuard;PermissaoGuard","'fiscal.issue'","'fiscal'","Inventariado; correlacionar com evidências, não implica rota testada"
"POST","/v1/admin/fiscal/notas/:id/cancelar","apps/api/src/admin/fiscal.controller.ts","333","StaffGuard;PermissaoGuard","'fiscal.issue'","'fiscal'","Inventariado; correlacionar com evidências, não implica rota testada"
"GET","/v1/admin/franquia/padrao","apps/api/src/admin/franquia.controller.ts","71","StaffGuard;PermissaoGuard","'settings.manage'","","Inventariado; correlacionar com evidências, não implica rota testada"
"POST","/v1/admin/franquia/padrao","apps/api/src/admin/franquia.controller.ts","79","StaffGuard;PermissaoGuard","'franchise.manage'","","Inventariado; correlacionar com evidências, não implica rota testada"
"DELETE","/v1/admin/franquia/padrao/:itemId","apps/api/src/admin/franquia.controller.ts","109","StaffGuard;PermissaoGuard","'franchise.manage'","","Inventariado; correlacionar com evidências, não implica rota testada"
"POST","/v1/admin/franquia/adocao","apps/api/src/admin/franquia.controller.ts","133","StaffGuard;PermissaoGuard","'settings.manage'","","Inventariado; correlacionar com evidências, não implica rota testada"
"GET","/v1/admin/imports","apps/api/src/admin/importacao.controller.ts","84","StaffGuard;PermissaoGuard","'customers.edit'","'importacao'","Inventariado; correlacionar com evidências, não implica rota testada"
"GET","/v1/admin/imports/:id","apps/api/src/admin/importacao.controller.ts","92","StaffGuard;PermissaoGuard","'customers.edit'","'importacao'","Inventariado; correlacionar com evidências, não implica rota testada"
"POST","/v1/admin/imports","apps/api/src/admin/importacao.controller.ts","113","StaffGuard;PermissaoGuard","'customers.edit'","'importacao'","Inventariado; correlacionar com evidências, não implica rota testada"
"POST","/v1/admin/imports/:id/conflicts","apps/api/src/admin/importacao.controller.ts","138","StaffGuard;PermissaoGuard","'customers.edit'","'importacao'","Inventariado; correlacionar com evidências, não implica rota testada"
"POST","/v1/admin/imports/:id/apply","apps/api/src/admin/importacao.controller.ts","164","StaffGuard;PermissaoGuard","'customers.edit'","'importacao'","Inventariado; correlacionar com evidências, não implica rota testada"
"POST","/v1/admin/imports/:id/revert","apps/api/src/admin/importacao.controller.ts","186","StaffGuard;PermissaoGuard","'customers.edit'","'importacao'","Inventariado; correlacionar com evidências, não implica rota testada"
"GET","/v1/admin/slugs","apps/api/src/admin/importacao.controller.ts","208","StaffGuard;PermissaoGuard","'settings.manage'","","Inventariado; correlacionar com evidências, não implica rota testada"
"POST","/v1/admin/slugs","apps/api/src/admin/importacao.controller.ts","214","StaffGuard;PermissaoGuard","'settings.manage'","","Inventariado; correlacionar com evidências, não implica rota testada"
"GET","/v1/admin/insights","apps/api/src/admin/insight.controller.ts","69","StaffGuard;PermissaoGuard","'appointments.view_all_professionals';'customers.view';'customers.view_notes';'finance.view';'inventory.view'","","Inventariado; correlacionar com evidências, não implica rota testada"
"GET","/v1/admin/customers/:id/consentimentos","apps/api/src/admin/lgpd.controller.ts","77","StaffGuard;PermissaoGuard","'customers.view'","","Inventariado; correlacionar com evidências, não implica rota testada"
"PUT","/v1/admin/customers/:id/consentimentos","apps/api/src/admin/lgpd.controller.ts","111","StaffGuard;PermissaoGuard","'customers.edit'","","Inventariado; correlacionar com evidências, não implica rota testada"
"GET","/v1/admin/customers/:id/dados","apps/api/src/admin/lgpd.controller.ts","197","StaffGuard;PermissaoGuard","'customers.export';'finance.view';'customers.view_notes';'feedback.view';'customers.view_photos'","","Inventariado; correlacionar com evidências, não implica rota testada"
"GET","/v1/admin/customers/lgpd/retencao","apps/api/src/admin/lgpd.controller.ts","241","StaffGuard;PermissaoGuard","'settings.manage';'customers.view'","","Inventariado; correlacionar com evidências, não implica rota testada"
"GET","/v1/admin/customers/lgpd/pedidos","apps/api/src/admin/lgpd.controller.ts","258","StaffGuard;PermissaoGuard","'settings.manage'","","Inventariado; correlacionar com evidências, não implica rota testada"
"POST","/v1/admin/customers/:id/lgpd/pedidos","apps/api/src/admin/lgpd.controller.ts","276","StaffGuard;PermissaoGuard","'customers.edit'","","Inventariado; correlacionar com evidências, não implica rota testada"
"PUT","/v1/admin/customers/lgpd/pedidos/:pedidoId","apps/api/src/admin/lgpd.controller.ts","295","StaffGuard;PermissaoGuard","'settings.manage'","","Inventariado; correlacionar com evidências, não implica rota testada"
"POST","/v1/admin/customers/:id/anonimizar","apps/api/src/admin/lgpd.controller.ts","337","StaffGuard;PermissaoGuard","'customers.anonymize'","","Inventariado; correlacionar com evidências, não implica rota testada"
"GET","/v1/admin/metricas","apps/api/src/admin/metrica.controller.ts","82","StaffGuard;PermissaoGuard","'appointments.view'","","Inventariado; correlacionar com evidências, não implica rota testada"
"POST","/v1/admin/metricas/conversar","apps/api/src/admin/metrica.controller.ts","122","StaffGuard;PermissaoGuard","'appointments.view'","","Inventariado; correlacionar com evidências, não implica rota testada"
"POST","/v1/admin/metricas/perguntar","apps/api/src/admin/metrica.controller.ts","153","StaffGuard;PermissaoGuard","'appointments.view'","","Inventariado; correlacionar com evidências, não implica rota testada"
"GET","/v1/admin/mfa","apps/api/src/admin/mfa.controller.ts","57","StaffGuard;PermissaoGuard","","","Inventariado; correlacionar com evidências, não implica rota testada"
"POST","/v1/admin/mfa/setup","apps/api/src/admin/mfa.controller.ts","94","StaffGuard;PermissaoGuard","","","Inventariado; correlacionar com evidências, não implica rota testada"
"POST","/v1/admin/mfa/confirm","apps/api/src/admin/mfa.controller.ts","108","StaffGuard;PermissaoGuard","","","Inventariado; correlacionar com evidências, não implica rota testada"
"POST","/v1/admin/mfa/verify","apps/api/src/admin/mfa.controller.ts","128","StaffGuard;PermissaoGuard","","","Inventariado; correlacionar com evidências, não implica rota testada"
"PUT","/v1/admin/mfa/policy","apps/api/src/admin/mfa.controller.ts","172","StaffGuard;PermissaoGuard","'team.manage'","","Inventariado; correlacionar com evidências, não implica rota testada"
"POST","/v1/admin/mfa/disable","apps/api/src/admin/mfa.controller.ts","217","StaffGuard;PermissaoGuard","","","Inventariado; correlacionar com evidências, não implica rota testada"
"GET","/v1/admin/unidades","apps/api/src/admin/multiunidade.controller.ts","101","StaffGuard;PermissaoGuard","","","Inventariado; correlacionar com evidências, não implica rota testada"
"POST","/v1/admin/unidades/escolher","apps/api/src/admin/multiunidade.controller.ts","107","StaffGuard;PermissaoGuard","","","Inventariado; correlacionar com evidências, não implica rota testada"
"GET","/v1/admin/unidades/cadastro","apps/api/src/admin/multiunidade.controller.ts","134","StaffGuard;PermissaoGuard","'settings.manage'","","Inventariado; correlacionar com evidências, não implica rota testada"
"POST","/v1/admin/unidades/cadastro","apps/api/src/admin/multiunidade.controller.ts","140","StaffGuard;PermissaoGuard","'settings.manage'","","Inventariado; correlacionar com evidências, não implica rota testada"
"POST","/v1/admin/unidades/cadastro/:id","apps/api/src/admin/multiunidade.controller.ts","162","StaffGuard;PermissaoGuard","'settings.manage'","","Inventariado; correlacionar com evidências, não implica rota testada"
"GET","/v1/admin/unidades/equipe","apps/api/src/admin/multiunidade.controller.ts","188","StaffGuard;PermissaoGuard","'team.manage';'settings.manage'","","Inventariado; correlacionar com evidências, não implica rota testada"
"POST","/v1/admin/unidades/equipe/:id","apps/api/src/admin/multiunidade.controller.ts","208","StaffGuard;PermissaoGuard","'team.manage';'settings.manage'","","Inventariado; correlacionar com evidências, não implica rota testada"
"GET","/v1/admin/estoque/transferencias","apps/api/src/admin/multiunidade.controller.ts","230","StaffGuard;PermissaoGuard","'inventory.adjust'","","Inventariado; correlacionar com evidências, não implica rota testada"
"POST","/v1/admin/estoque/transferencias","apps/api/src/admin/multiunidade.controller.ts","257","StaffGuard;PermissaoGuard","'inventory.adjust'","","Inventariado; correlacionar com evidências, não implica rota testada"
"GET","/v1/admin/pacotes/catalogo","apps/api/src/admin/pacote.controller.ts","61","StaffGuard;PermissaoGuard","'appointments.view'","","Inventariado; correlacionar com evidências, não implica rota testada"
"PUT","/v1/admin/pacotes/catalogo","apps/api/src/admin/pacote.controller.ts","67","StaffGuard;PermissaoGuard","'settings.manage'","","Inventariado; correlacionar com evidências, não implica rota testada"
"PUT","/v1/admin/pacotes/catalogo/:id","apps/api/src/admin/pacote.controller.ts","92","StaffGuard;PermissaoGuard","'settings.manage'","","Inventariado; correlacionar com evidências, não implica rota testada"
"GET","/v1/admin/pacotes/clientes/:id","apps/api/src/admin/pacote.controller.ts","119","StaffGuard;PermissaoGuard","'customers.view';'finance.view'","","Inventariado; correlacionar com evidências, não implica rota testada"
"POST","/v1/admin/pacotes/clientes/pacotes/:id/reembolsar","apps/api/src/admin/pacote.controller.ts","135","StaffGuard;PermissaoGuard","'finance.package_refund'","","Inventariado; correlacionar com evidências, não implica rota testada"
"GET","/v1/admin/pacotes/receita","apps/api/src/admin/pacote.controller.ts","167","StaffGuard;PermissaoGuard","'finance.view'","","Inventariado; correlacionar com evidências, não implica rota testada"
"GET","/v1/admin/dashboard","apps/api/src/admin/painel.controller.ts","92","StaffGuard;PermissaoGuard","'reports.operational'","","Inventariado; correlacionar com evidências, não implica rota testada"
"GET","/v1/admin/dashboard/revenue","apps/api/src/admin/painel.controller.ts","107","StaffGuard;PermissaoGuard","'finance.view'","","Inventariado; correlacionar com evidências, não implica rota testada"
"GET","/v1/admin/catalog/diagnosis","apps/api/src/admin/painel.controller.ts","121","StaffGuard;PermissaoGuard","'settings.manage'","","Inventariado; correlacionar com evidências, não implica rota testada"
"GET","/v1/admin/audit","apps/api/src/admin/painel.controller.ts","129","StaffGuard;PermissaoGuard","'settings.manage'","","Inventariado; correlacionar com evidências, não implica rota testada"
"GET","/v1/admin/audit/finance","apps/api/src/admin/painel.controller.ts","144","StaffGuard;PermissaoGuard","'finance.view'","","Inventariado; correlacionar com evidências, não implica rota testada"
"GET","/v1/admin/plano","apps/api/src/admin/plano.controller.ts","71","StaffGuard;PermissaoGuard","'settings.manage'","","Inventariado; correlacionar com evidências, não implica rota testada"
"POST","/v1/admin/plano/cartao/checkout","apps/api/src/admin/plano.controller.ts","128","StaffGuard;PermissaoGuard","'settings.manage'","","Inventariado; correlacionar com evidências, não implica rota testada"
"POST","/v1/admin/plano/cartao/conciliar","apps/api/src/admin/plano.controller.ts","142","StaffGuard;PermissaoGuard","'settings.manage'","","Inventariado; correlacionar com evidências, não implica rota testada"
"GET","/v1/admin/plano/opcoes","apps/api/src/admin/plano.controller.ts","157","StaffGuard;PermissaoGuard","'settings.manage'","","Inventariado; correlacionar com evidências, não implica rota testada"
"GET","/v1/admin/plano/marketplace","apps/api/src/admin/plano.controller.ts","193","StaffGuard;PermissaoGuard","'settings.manage';'customers.view'","","Inventariado; correlacionar com evidências, não implica rota testada"
"POST","/v1/admin/plano/marketplace/:id/contestar","apps/api/src/admin/plano.controller.ts","226","StaffGuard;PermissaoGuard","'settings.manage'","","Inventariado; correlacionar com evidências, não implica rota testada"
"GET","/v1/admin/plano/faturas/:id/autenticacao","apps/api/src/admin/plano.controller.ts","249","StaffGuard;PermissaoGuard","'settings.manage'","","Inventariado; correlacionar com evidências, não implica rota testada"
"GET","/v1/admin/plano/faturas","apps/api/src/admin/plano.controller.ts","259","StaffGuard;PermissaoGuard","'settings.manage'","","Inventariado; correlacionar com evidências, não implica rota testada"
"POST","/v1/admin/plano","apps/api/src/admin/plano.controller.ts","287","StaffGuard;PermissaoGuard","'settings.manage'","","Inventariado; correlacionar com evidências, não implica rota testada"
"GET","/v1/admin/precificacao","apps/api/src/admin/precificacao.controller.ts","44","StaffGuard;PermissaoGuard","'settings.manage'","","Inventariado; correlacionar com evidências, não implica rota testada"
"PUT","/v1/admin/precificacao/ligado","apps/api/src/admin/precificacao.controller.ts","59","StaffGuard;PermissaoGuard","'settings.manage'","","Inventariado; correlacionar com evidências, não implica rota testada"
"POST","/v1/admin/precificacao/faixas","apps/api/src/admin/precificacao.controller.ts","70","StaffGuard;PermissaoGuard","'settings.manage'","","Inventariado; correlacionar com evidências, não implica rota testada"
"DELETE","/v1/admin/precificacao/faixas/:id","apps/api/src/admin/precificacao.controller.ts","101","StaffGuard;PermissaoGuard","'settings.manage'","","Inventariado; correlacionar com evidências, não implica rota testada"
"GET","/v1/admin/precificacao/recomendacoes","apps/api/src/admin/precificacao.controller.ts","130","StaffGuard;PermissaoGuard","'settings.manage';'finance.view'","","Inventariado; correlacionar com evidências, não implica rota testada"
"GET","/v1/admin/pro/me","apps/api/src/admin/pro.controller.ts","59","StaffGuard;PermissaoGuard","'commission.view_own'","","Inventariado; correlacionar com evidências, não implica rota testada"
"GET","/v1/admin/pro/goals","apps/api/src/admin/pro.controller.ts","109","StaffGuard;PermissaoGuard","'settings.manage'","","Inventariado; correlacionar com evidências, não implica rota testada"
"PUT","/v1/admin/pro/goals","apps/api/src/admin/pro.controller.ts","120","StaffGuard;PermissaoGuard","'settings.manage'","","Inventariado; correlacionar com evidências, não implica rota testada"
"GET","/v1/admin/recados","apps/api/src/admin/recado.controller.ts","57","StaffGuard;PermissaoGuard","'feedback.view';'customers.view'","","Inventariado; correlacionar com evidências, não implica rota testada"
"POST","/v1/admin/recados/:id/assumir","apps/api/src/admin/recado.controller.ts","84","StaffGuard;PermissaoGuard","'feedback.manage'","","Inventariado; correlacionar com evidências, não implica rota testada"
"POST","/v1/admin/recados/:id/devolver","apps/api/src/admin/recado.controller.ts","106","StaffGuard;PermissaoGuard","'feedback.manage'","","Inventariado; correlacionar com evidências, não implica rota testada"
"POST","/v1/admin/recados/:id/responder","apps/api/src/admin/recado.controller.ts","127","StaffGuard;PermissaoGuard","'feedback.manage'","","Inventariado; correlacionar com evidências, não implica rota testada"
"POST","/v1/admin/recados/:id/encerrar","apps/api/src/admin/recado.controller.ts","148","StaffGuard;PermissaoGuard","'feedback.manage'","","Inventariado; correlacionar com evidências, não implica rota testada"
"GET","/v1/admin/recepcao/lacunas","apps/api/src/admin/recepcao.controller.ts","32","StaffGuard;PermissaoGuard","'feedback.view'","","Inventariado; correlacionar com evidências, não implica rota testada"
"POST","/v1/admin/recepcao/lacunas/:id/resolver","apps/api/src/admin/recepcao.controller.ts","50","StaffGuard;PermissaoGuard","'feedback.manage'","","Inventariado; correlacionar com evidências, não implica rota testada"
"GET","/v1/admin/rede/consolidado","apps/api/src/admin/rede.controller.ts","57","StaffGuard;PermissaoGuard","'finance.view'","","Inventariado; correlacionar com evidências, não implica rota testada"
"GET","/v1/admin/rede/meu-lugar","apps/api/src/admin/rede.controller.ts","70","StaffGuard;PermissaoGuard","'finance.view'","","Inventariado; correlacionar com evidências, não implica rota testada"
"GET","/v1/admin/rede/metas","apps/api/src/admin/rede.controller.ts","83","StaffGuard;PermissaoGuard","'finance.view'","","Inventariado; correlacionar com evidências, não implica rota testada"
"PUT","/v1/admin/rede/metas","apps/api/src/admin/rede.controller.ts","97","StaffGuard;PermissaoGuard","'finance.view';'franchise.manage'","","Inventariado; correlacionar com evidências, não implica rota testada"
"GET","/v1/admin/segments","apps/api/src/admin/segmento.controller.ts","24","StaffGuard;PermissaoGuard","'customers.view';'customers.view_notes'","","Inventariado; correlacionar com evidências, não implica rota testada"
"GET","/v1/admin/sessoes","apps/api/src/admin/sessoes.controller.ts","38","StaffGuard;PermissaoGuard","'settings.manage'","","Inventariado; correlacionar com evidências, não implica rota testada"
"DELETE","/v1/admin/sessoes/:id","apps/api/src/admin/sessoes.controller.ts","72","StaffGuard;PermissaoGuard","'settings.manage'","","Inventariado; correlacionar com evidências, não implica rota testada"
"DELETE","/v1/admin/sessoes/suporte/tudo","apps/api/src/admin/sessoes.controller.ts","99","StaffGuard;PermissaoGuard","'settings.manage'","","Inventariado; correlacionar com evidências, não implica rota testada"
"GET","/v1/admin/appointments/:id/deposit","apps/api/src/admin/sinal.controller.ts","69","StaffGuard;PermissaoGuard","'finance.deposit'","","Inventariado; correlacionar com evidências, não implica rota testada"
"POST","/v1/admin/appointments/:id/deposit","apps/api/src/admin/sinal.controller.ts","83","StaffGuard;PermissaoGuard","'finance.deposit'","","Inventariado; correlacionar com evidências, não implica rota testada"
"DELETE","/v1/admin/appointments/:id/deposit","apps/api/src/admin/sinal.controller.ts","107","StaffGuard;PermissaoGuard","'finance.deposit'","","Inventariado; correlacionar com evidências, não implica rota testada"
"GET","/v1/admin/customers/:id/reliability","apps/api/src/admin/sinal.controller.ts","131","StaffGuard;PermissaoGuard","'finance.deposit'","","Inventariado; correlacionar com evidências, não implica rota testada"
"PUT","/v1/admin/customers/:id/reliability","apps/api/src/admin/sinal.controller.ts","141","StaffGuard;PermissaoGuard","'customers.reliability_override'","","Inventariado; correlacionar com evidências, não implica rota testada"
"GET","/v1/admin/split","apps/api/src/admin/split.controller.ts","87","StaffGuard;PermissaoGuard","'commission.view_all'","","Inventariado; correlacionar com evidências, não implica rota testada"
"GET","/v1/admin/split/meus","apps/api/src/admin/split.controller.ts","111","StaffGuard;PermissaoGuard","'commission.view_own'","","Inventariado; correlacionar com evidências, não implica rota testada"
"GET","/v1/admin/split/venda/:id","apps/api/src/admin/split.controller.ts","130","StaffGuard;PermissaoGuard","'commission.view_all'","","Inventariado; correlacionar com evidências, não implica rota testada"
"GET","/v1/admin/split/recebedores","apps/api/src/admin/split.controller.ts","150","StaffGuard;PermissaoGuard","'commission.view_all'","","Inventariado; correlacionar com evidências, não implica rota testada"
"PUT","/v1/admin/split/recebedores/:id","apps/api/src/admin/split.controller.ts","164","StaffGuard;PermissaoGuard","'finance.split_manage'","","Inventariado; correlacionar com evidências, não implica rota testada"
"PUT","/v1/admin/split/configuracao","apps/api/src/admin/split.controller.ts","198","StaffGuard;PermissaoGuard","'finance.split_manage'","","Inventariado; correlacionar com evidências, não implica rota testada"
"GET","/v1/admin/team","apps/api/src/admin/team.controller.ts","89","StaffGuard;PermissaoGuard","'team.manage'","","Inventariado; correlacionar com evidências, não implica rota testada"
"PUT","/v1/admin/team/permissoes/:papel","apps/api/src/admin/team.controller.ts","112","StaffGuard;PermissaoGuard","'team.manage'","","Inventariado; correlacionar com evidências, não implica rota testada"
"POST","/v1/admin/team","apps/api/src/admin/team.controller.ts","142","StaffGuard;PermissaoGuard","'team.manage'","","Inventariado; correlacionar com evidências, não implica rota testada"
"PUT","/v1/admin/team/:id/role","apps/api/src/admin/team.controller.ts","168","StaffGuard;PermissaoGuard","'team.manage'","","Inventariado; correlacionar com evidências, não implica rota testada"
"PUT","/v1/admin/team/:id/active","apps/api/src/admin/team.controller.ts","191","StaffGuard;PermissaoGuard","'team.manage'","","Inventariado; correlacionar com evidências, não implica rota testada"
"POST","/v1/admin/team/:id/reset-password","apps/api/src/admin/team.controller.ts","213","StaffGuard;PermissaoGuard","'team.manage'","","Inventariado; correlacionar com evidências, não implica rota testada"
"POST","/v1/admin/team/invite","apps/api/src/admin/team.controller.ts","242","StaffGuard;PermissaoGuard","'team.manage'","","Inventariado; correlacionar com evidências, não implica rota testada"
"GET","/v1/admin/me","apps/api/src/admin/team.controller.ts","280","StaffGuard;PermissaoGuard","","","Inventariado; correlacionar com evidências, não implica rota testada"
"PUT","/v1/admin/me/password","apps/api/src/admin/team.controller.ts","291","StaffGuard;PermissaoGuard","","","Inventariado; correlacionar com evidências, não implica rota testada"
"GET","/v1/admin/webhooks","apps/api/src/admin/webhooks.controller.ts","54","StaffGuard;PermissaoGuard","'team.manage'","","Inventariado; correlacionar com evidências, não implica rota testada"
"POST","/v1/admin/webhooks","apps/api/src/admin/webhooks.controller.ts","64","StaffGuard;PermissaoGuard","'team.manage'","","Inventariado; correlacionar com evidências, não implica rota testada"
"DELETE","/v1/admin/webhooks/:endpointId","apps/api/src/admin/webhooks.controller.ts","88","StaffGuard;PermissaoGuard","'team.manage'","","Inventariado; correlacionar com evidências, não implica rota testada"
"GET","/v1/admin/whatsapp/conexao","apps/api/src/admin/whatsapp-conexao.controller.ts","29","StaffGuard;PermissaoGuard","'whatsapp.manage'","","Inventariado; correlacionar com evidências, não implica rota testada"
"PUT","/v1/admin/whatsapp/conexao","apps/api/src/admin/whatsapp-conexao.controller.ts","42","StaffGuard;PermissaoGuard","'whatsapp.manage'","","Inventariado; correlacionar com evidências, não implica rota testada"
"POST","/v1/admin/whatsapp/conexao/baileys/parear","apps/api/src/admin/whatsapp-conexao.controller.ts","48","StaffGuard;PermissaoGuard","'whatsapp.manage'","","Inventariado; correlacionar com evidências, não implica rota testada"
"POST","/v1/admin/whatsapp/conexao/baileys/reconectar","apps/api/src/admin/whatsapp-conexao.controller.ts","53","StaffGuard;PermissaoGuard","'whatsapp.manage'","","Inventariado; correlacionar com evidências, não implica rota testada"
"DELETE","/v1/admin/whatsapp/conexao/baileys","apps/api/src/admin/whatsapp-conexao.controller.ts","58","StaffGuard;PermissaoGuard","'whatsapp.manage'","","Inventariado; correlacionar com evidências, não implica rota testada"
"POST","/v1/admin/whatsapp/conexao/baileys/textos","apps/api/src/admin/whatsapp-conexao.controller.ts","63","StaffGuard;PermissaoGuard","'whatsapp.manage'","","Inventariado; correlacionar com evidências, não implica rota testada"
"PUT","/v1/admin/whatsapp/conexao/baileys/textos/:id","apps/api/src/admin/whatsapp-conexao.controller.ts","69","StaffGuard;PermissaoGuard","'whatsapp.manage'","","Inventariado; correlacionar com evidências, não implica rota testada"
"GET","/v1/admin/whatsapp/manual","apps/api/src/admin/whatsapp-manual.controller.ts","40","StaffGuard;PermissaoGuard","'marketing.send';'customers.view'","","Inventariado; correlacionar com evidências, não implica rota testada"
"GET","/v1/admin/whatsapp/manual/textos","apps/api/src/admin/whatsapp-manual.controller.ts","45","StaffGuard;PermissaoGuard","'marketing.send'","","Inventariado; correlacionar com evidências, não implica rota testada"
"GET","/v1/admin/whatsapp/manual/configuracoes","apps/api/src/admin/whatsapp-manual.controller.ts","48","StaffGuard;PermissaoGuard","'marketing.send'","","Inventariado; correlacionar com evidências, não implica rota testada"
"POST","/v1/admin/whatsapp/manual/automacoes/:id/estado","apps/api/src/admin/whatsapp-manual.controller.ts","51","StaffGuard;PermissaoGuard","'marketing.send'","","Inventariado; correlacionar com evidências, não implica rota testada"
"POST","/v1/admin/whatsapp/manual/textos","apps/api/src/admin/whatsapp-manual.controller.ts","57","StaffGuard;PermissaoGuard","'marketing.send'","","Inventariado; correlacionar com evidências, não implica rota testada"
"POST","/v1/admin/whatsapp/manual/campanhas","apps/api/src/admin/whatsapp-manual.controller.ts","62","StaffGuard;PermissaoGuard","'marketing.send'","","Inventariado; correlacionar com evidências, não implica rota testada"
"POST","/v1/admin/whatsapp/manual/automacoes","apps/api/src/admin/whatsapp-manual.controller.ts","74","StaffGuard;PermissaoGuard","'marketing.send'","","Inventariado; correlacionar com evidências, não implica rota testada"
"POST","/v1/admin/whatsapp/manual/:id/abrir","apps/api/src/admin/whatsapp-manual.controller.ts","80","StaffGuard;PermissaoGuard","'marketing.send';'customers.view'","","Inventariado; correlacionar com evidências, não implica rota testada"
"POST","/v1/admin/whatsapp/manual/:id/concluir","apps/api/src/admin/whatsapp-manual.controller.ts","85","StaffGuard;PermissaoGuard","'marketing.send';'customers.view'","","Inventariado; correlacionar com evidências, não implica rota testada"
"GET","/v1/admin/whatsapp/cadastro","apps/api/src/admin/whatsapp.controller.ts","150","StaffGuard;PermissaoGuard","'whatsapp.manage'","","Inventariado; correlacionar com evidências, não implica rota testada"
"PUT","/v1/admin/whatsapp/cadastro","apps/api/src/admin/whatsapp.controller.ts","157","StaffGuard;PermissaoGuard","'whatsapp.manage'","","Inventariado; correlacionar com evidências, não implica rota testada"
"GET","/v1/admin/whatsapp/signup","apps/api/src/admin/whatsapp.controller.ts","195","StaffGuard;PermissaoGuard","'whatsapp.manage'","","Inventariado; correlacionar com evidências, não implica rota testada"
"POST","/v1/admin/whatsapp/conectar","apps/api/src/admin/whatsapp.controller.ts","226","StaffGuard;PermissaoGuard","'whatsapp.manage'","","Inventariado; correlacionar com evidências, não implica rota testada"
"POST","/v1/admin/whatsapp/mensagem","apps/api/src/admin/whatsapp.controller.ts","274","StaffGuard;PermissaoGuard","'marketing.send'","","Inventariado; correlacionar com evidências, não implica rota testada"
"POST","/v1/admin/whatsapp/conciliar","apps/api/src/admin/whatsapp.controller.ts","348","StaffGuard;PermissaoGuard","'whatsapp.manage'","","Inventariado; correlacionar com evidências, não implica rota testada"
"GET","/v1/admin/whatsapp/templates","apps/api/src/admin/whatsapp.controller.ts","359","StaffGuard;PermissaoGuard","'whatsapp.manage'","","Inventariado; correlacionar com evidências, não implica rota testada"
"POST","/v1/admin/whatsapp/templates","apps/api/src/admin/whatsapp.controller.ts","366","StaffGuard;PermissaoGuard","'whatsapp.manage'","","Inventariado; correlacionar com evidências, não implica rota testada"
"POST","/v1/b/:slug/auth/otp","apps/api/src/auth/auth.controller.ts","61","","","","Inventariado; correlacionar com evidências, não implica rota testada"
"POST","/v1/b/:slug/auth/verify","apps/api/src/auth/auth.controller.ts","82","","","","Inventariado; correlacionar com evidências, não implica rota testada"
"POST","/v1/b/:slug/auth/logout","apps/api/src/auth/auth.controller.ts","120","CustomerGuard","","","Inventariado; correlacionar com evidências, não implica rota testada"
"GET","/v1/b/:slug/auth/consentimento","apps/api/src/auth/auth.controller.ts","158","CustomerGuard","","","Inventariado; correlacionar com evidências, não implica rota testada"
"PUT","/v1/b/:slug/auth/consentimento","apps/api/src/auth/auth.controller.ts","172","CustomerGuard","","","Inventariado; correlacionar com evidências, não implica rota testada"
"POST","/v1/b/:slug/auth/pedido-de-dados","apps/api/src/auth/auth.controller.ts","223","CustomerGuard","","","Inventariado; correlacionar com evidências, não implica rota testada"
"POST","/v1/b/:slug/auth/whatsapp-cadastro/consultar","apps/api/src/auth/consentimento-cadastro.controller.ts","14","CustomerGuard","","","Inventariado; correlacionar com evidências, não implica rota testada"
"POST","/v1/b/:slug/auth/whatsapp-cadastro/confirmar","apps/api/src/auth/consentimento-cadastro.controller.ts","19","CustomerGuard","","","Inventariado; correlacionar com evidências, não implica rota testada"
"POST","/v1/b/:slug/agente","apps/api/src/booking/agente.controller.ts","58","","","","Inventariado; correlacionar com evidências, não implica rota testada"
"POST","/v1/b/:slug/agente/meu","apps/api/src/booking/agente.controller.ts","254","CustomerGuard","","","Inventariado; correlacionar com evidências, não implica rota testada"
"POST","/v1/b/:slug/appointments","apps/api/src/booking/appointments.controller.ts","92","","","","Inventariado; correlacionar com evidências, não implica rota testada"
"GET","/v1/b/:slug/appointments/:id","apps/api/src/booking/appointments.controller.ts","182","","","","Inventariado; correlacionar com evidências, não implica rota testada"
"GET","/v1/b/:slug/appointments","apps/api/src/booking/appointments.controller.ts","254","CustomerGuard","","","Inventariado; correlacionar com evidências, não implica rota testada"
"POST","/v1/b/:slug/appointments/:id/cancel","apps/api/src/booking/appointments.controller.ts","263","CustomerGuard","","","Inventariado; correlacionar com evidências, não implica rota testada"
"GET","/v1/b/:slug/appointments/:id/availability","apps/api/src/booking/appointments.controller.ts","295","CustomerGuard","","","Inventariado; correlacionar com evidências, não implica rota testada"
"POST","/v1/b/:slug/appointments/:id/reschedule","apps/api/src/booking/appointments.controller.ts","351","CustomerGuard","","","Inventariado; correlacionar com evidências, não implica rota testada"
"GET","/v1/b/:slug/plano","apps/api/src/booking/assinatura.controller.ts","48","CustomerGuard","","","Inventariado; correlacionar com evidências, não implica rota testada"
"POST","/v1/b/:slug/plano/cancelar","apps/api/src/booking/assinatura.controller.ts","57","CustomerGuard","","","Inventariado; correlacionar com evidências, não implica rota testada"
"POST","/v1/b/:slug/plano/manter","apps/api/src/booking/assinatura.controller.ts","89","CustomerGuard","","","Inventariado; correlacionar com evidências, não implica rota testada"
"GET","/v1/b/:slug/reviews/pendentes","apps/api/src/booking/avaliacao.controller.ts","30","CustomerGuard","","","Inventariado; correlacionar com evidências, não implica rota testada"
"POST","/v1/b/:slug/reviews","apps/api/src/booking/avaliacao.controller.ts","38","CustomerGuard","","","Inventariado; correlacionar com evidências, não implica rota testada"
"GET","/v1/b/:slug","apps/api/src/booking/booking.controller.ts","29","","","","Inventariado; correlacionar com evidências, não implica rota testada"
"GET","/v1/b/:slug/avaliacoes","apps/api/src/booking/booking.controller.ts","50","","","","Inventariado; correlacionar com evidências, não implica rota testada"
"GET","/v1/b/:slug/b/:barbeiro","apps/api/src/booking/booking.controller.ts","70","","","","Inventariado; correlacionar com evidências, não implica rota testada"
"GET","/v1/b/:slug/availability","apps/api/src/booking/booking.controller.ts","95","","","","Inventariado; correlacionar com evidências, não implica rota testada"
"POST","/v1/b/:slug/waitlist","apps/api/src/booking/espera.controller.ts","113","","","","Inventariado; correlacionar com evidências, não implica rota testada"
"GET","/v1/b/:slug/waitlist","apps/api/src/booking/espera.controller.ts","248","CustomerGuard","","","Inventariado; correlacionar com evidências, não implica rota testada"
"POST","/v1/b/:slug/waitlist/:id/accept","apps/api/src/booking/espera.controller.ts","269","CustomerGuard","","","Inventariado; correlacionar com evidências, não implica rota testada"
"DELETE","/v1/b/:slug/waitlist/:id","apps/api/src/booking/espera.controller.ts","287","CustomerGuard","","","Inventariado; correlacionar com evidências, não implica rota testada"
"GET","/v1/b/:slug/loyalty","apps/api/src/booking/fidelidade.controller.ts","26","CustomerGuard","","","Inventariado; correlacionar com evidências, não implica rota testada"
"GET","/v1/b/:slug/queue/:token","apps/api/src/booking/fila-publica.controller.ts","25","","","","Inventariado; correlacionar com evidências, não implica rota testada"
"POST","/v1/fiscal/documento","apps/api/src/booking/fiscal-documento.controller.ts","13","","","","Inventariado; correlacionar com evidências, não implica rota testada"
"GET","/v1/b/:slug/offer/:token","apps/api/src/booking/oferta.controller.ts","105","","","","Inventariado; correlacionar com evidências, não implica rota testada"
"POST","/v1/b/:slug/offer/:token/accept","apps/api/src/booking/oferta.controller.ts","115","","","","Inventariado; correlacionar com evidências, não implica rota testada"
"GET","/v1/b/:slug/packages","apps/api/src/booking/pacote.controller.ts","25","CustomerGuard","","","Inventariado; correlacionar com evidências, não implica rota testada"
"POST","/v1/b/:slug/feedback","apps/api/src/booking/recado.controller.ts","47","","","","Inventariado; correlacionar com evidências, não implica rota testada"
"GET","/v1/marketplace/cidades","apps/api/src/booking/vitrine.controller.ts","52","","","","Inventariado; correlacionar com evidências, não implica rota testada"
"GET","/v1/marketplace/busca","apps/api/src/booking/vitrine.controller.ts","57","","","","Inventariado; correlacionar com evidências, não implica rota testada"
"GET","/health","apps/api/src/common/health.controller.ts","89","","","","Inventariado; correlacionar com evidências, não implica rota testada"
"GET","/health/pronto","apps/api/src/common/health.controller.ts","94","","","","Inventariado; correlacionar com evidências, não implica rota testada"
"GET","/media/:tenantId/:arquivo","apps/api/src/media/media.controller.ts","19","","","","Inventariado; correlacionar com evidências, não implica rota testada"
"POST","/v1/plataforma/login","apps/api/src/plataforma/plataforma.controller.ts","211","","","","Inventariado; correlacionar com evidências, não implica rota testada"
"POST","/v1/plataforma/logout","apps/api/src/plataforma/plataforma.controller.ts","256","PlataformaGuard","","","Inventariado; correlacionar com evidências, não implica rota testada"
"GET","/v1/plataforma/planos","apps/api/src/plataforma/plataforma.controller.ts","265","PlataformaGuard","","","Inventariado; correlacionar com evidências, não implica rota testada"
"GET","/v1/plataforma/barbearias","apps/api/src/plataforma/plataforma.controller.ts","270","PlataformaGuard","","","Inventariado; correlacionar com evidências, não implica rota testada"
"PUT","/v1/plataforma/barbearias/:tenantId/plano","apps/api/src/plataforma/plataforma.controller.ts","294","PlataformaGuard","","","Inventariado; correlacionar com evidências, não implica rota testada"
"GET","/v1/plataforma/assinaturas","apps/api/src/plataforma/plataforma.controller.ts","311","PlataformaGuard","","","Inventariado; correlacionar com evidências, não implica rota testada"
"GET","/v1/plataforma/barbearias/:tenantId/assinatura","apps/api/src/plataforma/plataforma.controller.ts","317","PlataformaGuard","","","Inventariado; correlacionar com evidências, não implica rota testada"
"POST","/v1/plataforma/barbearias/:tenantId/cancelamento","apps/api/src/plataforma/plataforma.controller.ts","326","PlataformaGuard","","","Inventariado; correlacionar com evidências, não implica rota testada"
"DELETE","/v1/plataforma/barbearias/:tenantId/cancelamento","apps/api/src/plataforma/plataforma.controller.ts","341","PlataformaGuard","","","Inventariado; correlacionar com evidências, não implica rota testada"
"GET","/v1/plataforma/faturas","apps/api/src/plataforma/plataforma.controller.ts","358","PlataformaGuard","","","Inventariado; correlacionar com evidências, não implica rota testada"
"GET","/v1/plataforma/barbearias/:tenantId/faturas","apps/api/src/plataforma/plataforma.controller.ts","364","PlataformaGuard","","","Inventariado; correlacionar com evidências, não implica rota testada"
"POST","/v1/plataforma/faturas/:faturaId/pagamento","apps/api/src/plataforma/plataforma.controller.ts","378","PlataformaGuard","","","Inventariado; correlacionar com evidências, não implica rota testada"
"DELETE","/v1/plataforma/faturas/:faturaId","apps/api/src/plataforma/plataforma.controller.ts","397","PlataformaGuard","","","Inventariado; correlacionar com evidências, não implica rota testada"
"GET","/v1/plataforma/barbearias/:tenantId/cobranca","apps/api/src/plataforma/plataforma.controller.ts","423","PlataformaGuard","","","Inventariado; correlacionar com evidências, não implica rota testada"
"GET","/v1/plataforma/franquias","apps/api/src/plataforma/plataforma.controller.ts","454","PlataformaGuard","","","Inventariado; correlacionar com evidências, não implica rota testada"
"GET","/v1/plataforma/franquias/:franquiaId/casas","apps/api/src/plataforma/plataforma.controller.ts","459","PlataformaGuard","","","Inventariado; correlacionar com evidências, não implica rota testada"
"POST","/v1/plataforma/franquias","apps/api/src/plataforma/plataforma.controller.ts","471","PlataformaGuard","","","Inventariado; correlacionar com evidências, não implica rota testada"
"POST","/v1/plataforma/franquias/:franquiaId/casas","apps/api/src/plataforma/plataforma.controller.ts","495","PlataformaGuard","","","Inventariado; correlacionar com evidências, não implica rota testada"
"DELETE","/v1/plataforma/franquias/casas/:tenantId","apps/api/src/plataforma/plataforma.controller.ts","510","PlataformaGuard","","","Inventariado; correlacionar com evidências, não implica rota testada"
"GET","/v1/plataforma/destaques","apps/api/src/plataforma/plataforma.controller.ts","531","PlataformaGuard","","","Inventariado; correlacionar com evidências, não implica rota testada"
"POST","/v1/plataforma/barbearias/:tenantId/destaques","apps/api/src/plataforma/plataforma.controller.ts","542","PlataformaGuard","","","Inventariado; correlacionar com evidências, não implica rota testada"
"POST","/v1/plataforma/destaques/:anuncioId/cancelamento","apps/api/src/plataforma/plataforma.controller.ts","568","PlataformaGuard","","","Inventariado; correlacionar com evidências, não implica rota testada"
"GET","/v1/plataforma/contestacoes","apps/api/src/plataforma/plataforma.controller.ts","591","PlataformaGuard","","","Inventariado; correlacionar com evidências, não implica rota testada"
"POST","/v1/plataforma/contestacoes/:atribuicaoId/reversao","apps/api/src/plataforma/plataforma.controller.ts","596","PlataformaGuard","","","Inventariado; correlacionar com evidências, não implica rota testada"
"PUT","/v1/plataforma/barbearias/:tenantId/marketplace","apps/api/src/plataforma/plataforma.controller.ts","619","PlataformaGuard","","","Inventariado; correlacionar com evidências, não implica rota testada"
"PUT","/v1/plataforma/barbearias/:tenantId/cobranca","apps/api/src/plataforma/plataforma.controller.ts","634","PlataformaGuard","","","Inventariado; correlacionar com evidências, não implica rota testada"
"POST","/v1/plataforma/barbearias/:tenantId/estorno","apps/api/src/plataforma/plataforma.controller.ts","658","PlataformaGuard","","","Inventariado; correlacionar com evidências, não implica rota testada"
"POST","/v1/plataforma/barbearias/:tenantId/bloqueio","apps/api/src/plataforma/plataforma.controller.ts","691","PlataformaGuard","","","Inventariado; correlacionar com evidências, não implica rota testada"
"DELETE","/v1/plataforma/barbearias/:tenantId/bloqueio","apps/api/src/plataforma/plataforma.controller.ts","709","PlataformaGuard","","","Inventariado; correlacionar com evidências, não implica rota testada"
"GET","/v1/plataforma/metricas","apps/api/src/plataforma/plataforma.controller.ts","724","PlataformaGuard","","","Inventariado; correlacionar com evidências, não implica rota testada"
"GET","/v1/plataforma/linha-do-tempo","apps/api/src/plataforma/plataforma.controller.ts","737","PlataformaGuard","","","Inventariado; correlacionar com evidências, não implica rota testada"
"GET","/v1/plataforma/saude","apps/api/src/plataforma/plataforma.controller.ts","742","PlataformaGuard","","","Inventariado; correlacionar com evidências, não implica rota testada"
"GET","/v1/plataforma/mfa","apps/api/src/plataforma/plataforma.controller.ts","750","PlataformaGuard","","","Inventariado; correlacionar com evidências, não implica rota testada"
"POST","/v1/plataforma/mfa","apps/api/src/plataforma/plataforma.controller.ts","758","PlataformaGuard","","","Inventariado; correlacionar com evidências, não implica rota testada"
"POST","/v1/plataforma/mfa/confirmar","apps/api/src/plataforma/plataforma.controller.ts","780","PlataformaGuard","","","Inventariado; correlacionar com evidências, não implica rota testada"
"POST","/v1/plataforma/mfa/provar","apps/api/src/plataforma/plataforma.controller.ts","793","PlataformaGuard","","","Inventariado; correlacionar com evidências, não implica rota testada"
"GET","/v1/plataforma/recursos","apps/api/src/plataforma/plataforma.controller.ts","812","PlataformaGuard","","","Inventariado; correlacionar com evidências, não implica rota testada"
"GET","/v1/plataforma/barbearias/:tenantId/recursos","apps/api/src/plataforma/plataforma.controller.ts","817","PlataformaGuard","","","Inventariado; correlacionar com evidências, não implica rota testada"
"PUT","/v1/plataforma/barbearias/:tenantId/recursos","apps/api/src/plataforma/plataforma.controller.ts","824","PlataformaGuard","","","Inventariado; correlacionar com evidências, não implica rota testada"
"GET","/v1/plataforma/suporte","apps/api/src/plataforma/plataforma.controller.ts","841","PlataformaGuard","","","Inventariado; correlacionar com evidências, não implica rota testada"
"POST","/v1/plataforma/barbearias/:tenantId/suporte","apps/api/src/plataforma/plataforma.controller.ts","853","PlataformaGuard","","","Inventariado; correlacionar com evidências, não implica rota testada"
"DELETE","/v1/plataforma/barbearias/:tenantId/suporte","apps/api/src/plataforma/plataforma.controller.ts","880","PlataformaGuard","","","Inventariado; correlacionar com evidências, não implica rota testada"
"GET","/v1/plataforma/trilha","apps/api/src/plataforma/plataforma.controller.ts","898","PlataformaGuard","","","Inventariado; correlacionar com evidências, não implica rota testada"
"POST","/v1/webhooks/stripe","apps/api/src/plataforma/stripe-webhook.controller.ts","106","","","","Inventariado; correlacionar com evidências, não implica rota testada"
"POST","/v1/webhooks/psp","apps/api/src/plataforma/webhook.controller.ts","69","","","","Inventariado; correlacionar com evidências, não implica rota testada"
"GET","/v1/webhooks/whatsapp","apps/api/src/plataforma/whatsapp-webhook.controller.ts","148","","","","Inventariado; correlacionar com evidências, não implica rota testada"
"POST","/v1/webhooks/whatsapp","apps/api/src/plataforma/whatsapp-webhook.controller.ts","161","","","","Inventariado; correlacionar com evidências, não implica rota testada"
"GET","/v1/publica/barbearia","apps/api/src/publica/publica.controller.ts","53","ChaveGuard","","","Inventariado; correlacionar com evidências, não implica rota testada"
"GET","/v1/publica/servicos","apps/api/src/publica/publica.controller.ts","72","ChaveGuard","","","Inventariado; correlacionar com evidências, não implica rota testada"
"GET","/v1/publica/disponibilidade","apps/api/src/publica/publica.controller.ts","97","ChaveGuard","","","Inventariado; correlacionar com evidências, não implica rota testada"
"POST","/v1/publica/agendamentos","apps/api/src/publica/publica.controller.ts","132","ChaveGuard","","","Inventariado; correlacionar com evidências, não implica rota testada"
